{
    "data": [
        {
            "aoeCount": 1,
            "bleedCount": 1,
            "iceCount": 1,
            "rageCount": 1
        }
    ],
    "plants": [
        {
            "hp": 200,
            "m_affix1": "None",
            "m_affix2": "None",
            "maxHp": 200,
            "type": "peashooter",
            "x": 290,
            "y": 120
        },
        {
            "hp": 200,
            "m_affix1": "None",
            "m_affix2": "None",
            "maxHp": 200,
            "type": "potatomine",
            "x": 290,
            "y": 405
        }
    ],
    "row": [
        {
            "row": 3
        }
    ],
    "zombies": [
        {
            "hp": 175,
            "m_affix1": "None",
            "m_affix2": "None",
            "maxHp": 200,
            "type": "basiczombie",
            "x": 967.3650000000116,
            "y": 500
        },
        {
            "hp": 175,
            "m_affix1": "None",
            "m_affix2": "None",
            "maxHp": 200,
            "type": "basiczombie",
            "x": 955.3650000000116,
            "y": 500
        }
    ]
}
